
-- client
insert into client (nom_client, prenom_client, contact) values ('Checklin', 'Mar', '034 30 782 03');
insert into client (nom_client, prenom_client, contact) values ('Cattel', 'Tonya', '034 41 899 57');
insert into client (nom_client, prenom_client, contact) values ('O''Kane', 'Yale', '034 00 616 47');
insert into client (nom_client, prenom_client, contact) values ('Dioniso', 'Jeth', '034 40 040 32');
insert into client (nom_client, prenom_client, contact) values ('Sidworth', 'Pippy', '034 80 856 43');
insert into client (nom_client, prenom_client, contact) values ('Spacie', 'Stepha', '034 66 221 25');
insert into client (nom_client, prenom_client, contact) values ('Claussen', 'Baxy', '034 05 823 74');
insert into client (nom_client, prenom_client, contact) values ('Dengel', 'Had', '034 71 262 14');
insert into client (nom_client, prenom_client, contact) values ('Evens', 'Harris', '034 21 433 86');
insert into client (nom_client, prenom_client, contact) values ('Geary', 'Adelbert', '034 27 227 25');
insert into client (nom_client, prenom_client, contact) values ('Tiller', 'Hildy', '034 95 169 97');
insert into client (nom_client, prenom_client, contact) values ('Gogan', 'Clayborne', '034 98 727 28');
insert into client (nom_client, prenom_client, contact) values ('Heakey', 'Shem', '034 29 051 78');
insert into client (nom_client, prenom_client, contact) values ('Gonnelly', 'Juliann', '034 87 475 05');
insert into client (nom_client, prenom_client, contact) values ('Busch', 'Angie', '034 18 595 85');
insert into client (nom_client, prenom_client, contact) values ('Nairn', 'Justen', '034 83 901 79');
insert into client (nom_client, prenom_client, contact) values ('Vennard', 'Zorana', '034 55 668 50');
insert into client (nom_client, prenom_client, contact) values ('Lammers', 'Lazar', '034 52 762 25');
insert into client (nom_client, prenom_client, contact) values ('de Verson', 'Augusta', '034 62 940 80');
insert into client (nom_client, prenom_client, contact) values ('Randlesome', 'Cris', '034 44 891 54');
insert into client (nom_client, prenom_client, contact) values ('Witheford', 'Geri', '034 66 407 40');
insert into client (nom_client, prenom_client, contact) values ('Jimenez', 'Halie', '034 46 362 53');
insert into client (nom_client, prenom_client, contact) values ('Mackiewicz', 'Bianka', '034 35 743 59');
insert into client (nom_client, prenom_client, contact) values ('Mingaud', 'Gerick', '034 20 262 31');
insert into client (nom_client, prenom_client, contact) values ('Seabourne', 'Spencer', '034 85 824 96');
insert into client (nom_client, prenom_client, contact) values ('Van Zon', 'Kile', '034 81 973 13');
insert into client (nom_client, prenom_client, contact) values ('Prendeville', 'Townie', '034 61 767 86');
insert into client (nom_client, prenom_client, contact) values ('Larby', 'Bobbie', '034 83 789 09');
insert into client (nom_client, prenom_client, contact) values ('Hulk', 'Gerrie', '034 40 365 52');
insert into client (nom_client, prenom_client, contact) values ('Quadling', 'Maggee', '034 68 004 00');
insert into client (nom_client, prenom_client, contact) values ('Illidge', 'Hillary', '034 99 729 44');
insert into client (nom_client, prenom_client, contact) values ('Britner', 'Faye', '034 92 460 17');
insert into client (nom_client, prenom_client, contact) values ('Blackey', 'Corty', '034 68 626 05');
insert into client (nom_client, prenom_client, contact) values ('Thatcham', 'Emory', '034 00 548 85');
insert into client (nom_client, prenom_client, contact) values ('Giddons', 'Manuel', '034 73 386 30');
insert into client (nom_client, prenom_client, contact) values ('Battson', 'Minerva', '034 11 725 74');
insert into client (nom_client, prenom_client, contact) values ('Lacelett', 'Delia', '034 01 313 19');
insert into client (nom_client, prenom_client, contact) values ('Rosoni', 'Wyatan', '034 13 248 64');
insert into client (nom_client, prenom_client, contact) values ('Macenzy', 'Meredeth', '034 24 683 34');
insert into client (nom_client, prenom_client, contact) values ('Wellfare', 'Nina', '034 75 204 35');
insert into client (nom_client, prenom_client, contact) values ('Jaqueme', 'Maurizia', '034 03 611 41');
insert into client (nom_client, prenom_client, contact) values ('Sings', 'Dominick', '034 79 470 69');
insert into client (nom_client, prenom_client, contact) values ('Kreber', 'Sarette', '034 57 178 60');
insert into client (nom_client, prenom_client, contact) values ('Olney', 'Cully', '034 42 319 46');
insert into client (nom_client, prenom_client, contact) values ('Kaaskooper', 'Rafaellle', '034 62 344 63');
insert into client (nom_client, prenom_client, contact) values ('Farland', 'Derril', '034 78 723 41');
insert into client (nom_client, prenom_client, contact) values ('Sayers', 'Stevie', '034 05 624 76');
insert into client (nom_client, prenom_client, contact) values ('Quesne', 'Lorelei', '034 45 674 75');
insert into client (nom_client, prenom_client, contact) values ('Isacke', 'Dorree', '034 43 494 88');
insert into client (nom_client, prenom_client, contact) values ('Beecheno', 'Dotti', '034 56 015 36');

-- offre
insert into offre (type,tarif) values ('premium','10000');
insert into offre (type,tarif) values ('light','20000');
insert into offre (type,tarif) values ('vip','30000');

-- ville
insert into ville (nom_ville) values ('Pacora');
insert into ville (nom_ville) values ('Muyinga');
insert into ville (nom_ville) values ('Doibang');
insert into ville (nom_ville) values ('Ocucaje');
insert into ville (nom_ville) values ('Predavac');
insert into ville (nom_ville) values ('Bangkle');
insert into ville (nom_ville) values ('Manique de Baixo');
insert into ville (nom_ville) values ('Heyou');
insert into ville (nom_ville) values ('Lewolang');
insert into ville (nom_ville) values ('Banjar Tengahbelayu');

-- maintenance
insert into maintenance (nom_maintenance,cout) values ('réparation','100000');
insert into maintenance (nom_maintenance,cout) values ('essence','40000');

-- vehicules
insert into vehicules (nombre_places, places_dispo, matricule) values (10, 1, 'YV495');
insert into vehicules (nombre_places, places_dispo, matricule) values (10, 2, '7');
insert into vehicules (nombre_places, places_dispo, matricule) values (22, 6, 'JH4CL');
insert into vehicules (nombre_places, places_dispo, matricule) values (18, 16, 'JH4CW');
insert into vehicules (nombre_places, places_dispo, matricule) values (22, 11, '5NPDH');
insert into vehicules (nombre_places, places_dispo, matricule) values (10, 7, '19VDE');
insert into vehicules (nombre_places, places_dispo, matricule) values (22, 5, '2G4GP');
insert into vehicules (nombre_places, places_dispo, matricule) values (22, 1, 'WA1LK');
insert into vehicules (nombre_places, places_dispo, matricule) values (18, 2, 'KMHGH');
insert into vehicules (nombre_places, places_dispo, matricule) values (22, 17, 'KNAFZ');
insert into vehicules (nombre_places, places_dispo, matricule) values (22, 13, '5TDDC');
insert into vehicules (nombre_places, places_dispo, matricule) values (10, 6, '1G6DD');
insert into vehicules (nombre_places, places_dispo, matricule) values (22, 4, 'WBAAW');
insert into vehicules (nombre_places, places_dispo, matricule) values (18, 3, 'NM0KS');
insert into vehicules (nombre_places, places_dispo, matricule) values (10, 2, 'WDDPK');
insert into vehicules (nombre_places, places_dispo, matricule) values (10, 10, 'KNALN');
insert into vehicules (nombre_places, places_dispo, matricule) values (10, 1, '1D7RE');
insert into vehicules (nombre_places, places_dispo, matricule) values (22, 16, '1G6DH');
insert into vehicules (nombre_places, places_dispo, matricule) values (22, 8, '2LNBL');
insert into vehicules (nombre_places, places_dispo, matricule) values (18, 0, '3VW50');
insert into vehicules (nombre_places, places_dispo, matricule) values (10, 1, '3MZBM');
insert into vehicules (nombre_places, places_dispo, matricule) values (22, 8, 'WP0AB');
insert into vehicules (nombre_places, places_dispo, matricule) values (22, 8, 'WAUKH');
insert into vehicules (nombre_places, places_dispo, matricule) values (10, 5, '1GYS4');
insert into vehicules (nombre_places, places_dispo, matricule) values (22, 5, 'ML32A');
insert into vehicules (nombre_places, places_dispo, matricule) values (18, 0, '3C63D');
insert into vehicules (nombre_places, places_dispo, matricule) values (18, 2, '4F2CY');
insert into vehicules (nombre_places, places_dispo, matricule) values (22, 14, '2HNYD');
insert into vehicules (nombre_places, places_dispo, matricule) values (10, 6, 'WBAUP');
insert into vehicules (nombre_places, places_dispo, matricule) values (18, 5, 'WAUXD');
insert into vehicules (nombre_places, places_dispo, matricule) values (22, 11, '1G6AG');
insert into vehicules (nombre_places, places_dispo, matricule) values (18, 17, 'JA32X');
insert into vehicules (nombre_places, places_dispo, matricule) values (10, 3, '3C63E');
insert into vehicules (nombre_places, places_dispo, matricule) values (18, 3, 'JTDZN');
insert into vehicules (nombre_places, places_dispo, matricule) values (10, 9, 'JN8AF');
insert into vehicules (nombre_places, places_dispo, matricule) values (18, 3, '5FPYK');
insert into vehicules (nombre_places, places_dispo, matricule) values (22, 10, '4T1BF');
insert into vehicules (nombre_places, places_dispo, matricule) values (10, 8, 'WAUSH');
insert into vehicules (nombre_places, places_dispo, matricule) values (18, 10, '1N6AA');
insert into vehicules (nombre_places, places_dispo, matricule) values (10, 7, '3D77M');
insert into vehicules (nombre_places, places_dispo, matricule) values (10, 9, '1D7RW');
insert into vehicules (nombre_places, places_dispo, matricule) values (18, 8, '1GKS1');
insert into vehicules (nombre_places, places_dispo, matricule) values (10, 1, '3GYFN');
insert into vehicules (nombre_places, places_dispo, matricule) values (22, 16, '1FTMF');
insert into vehicules (nombre_places, places_dispo, matricule) values (10, 0, 'JTHBE');
insert into vehicules (nombre_places, places_dispo, matricule) values (22, 12, 'WAUKF');
insert into vehicules (nombre_places, places_dispo, matricule) values (18, 17, '5GAKR');
insert into vehicules (nombre_places, places_dispo, matricule) values (10, 7, 'YV167');
insert into vehicules (nombre_places, places_dispo, matricule) values (18, 1, '3VWML');
insert into vehicules (nombre_places, places_dispo, matricule) values (18, 1, '1GKS2');

-- chauffeur
insert into chauffeur (nom_complet, contact_chauffeur, mail_chauffeur, id_vehicule) values ('Freida Piechnik', '034 31 859 07', 'fpiechnik0@1688.com','1');
insert into chauffeur (nom_complet, contact_chauffeur, mail_chauffeur, id_vehicule) values ('Gawain Adolf', '034 47 379 80', 'gadolf1@latimes.com','2');
insert into chauffeur (nom_complet, contact_chauffeur, mail_chauffeur, id_vehicule) values ('Liv Ebbetts', '034 68 423 87', 'lebbetts2@columbia.edu','3');
insert into chauffeur (nom_complet, contact_chauffeur, mail_chauffeur, id_vehicule) values ('Bryce Halifax', '034 30 571 06', 'bhalifax3@gmpg.org','4');
insert into chauffeur (nom_complet, contact_chauffeur, mail_chauffeur, id_vehicule) values ('Alic Clapperton', '034 42 288 92', 'aclapperton4@unesco.org','5');
insert into chauffeur (nom_complet, contact_chauffeur, mail_chauffeur, id_vehicule) values ('Brita Adamek', '034 70 365 85', 'badamek5@istockphoto.com','6');
insert into chauffeur (nom_complet, contact_chauffeur, mail_chauffeur, id_vehicule) values ('Orion Zuenelli', '034 64 044 10', 'ozuenelli6@biblegateway.com','7');
insert into chauffeur (nom_complet, contact_chauffeur, mail_chauffeur, id_vehicule) values ('Pauly Stuffins', '034 87 171 07', 'pstuffins7@mtv.com','8');
insert into chauffeur (nom_complet, contact_chauffeur, mail_chauffeur, id_vehicule) values ('Laurene O''Hartigan', '034 97 570 67', 'lohartigan8@bing.com','9');
insert into chauffeur (nom_complet, contact_chauffeur, mail_chauffeur, id_vehicule) values ('Ruthie Nutbean', '034 52 586 04', 'rnutbean9@seattletimes.com','10');
insert into chauffeur (nom_complet, contact_chauffeur, mail_chauffeur, id_vehicule) values ('Zonnya Thurlborn', '034 61 718 56', 'zthurlborna@netvibes.com','11');
insert into chauffeur (nom_complet, contact_chauffeur, mail_chauffeur, id_vehicule) values ('Bartolomeo Proudler', '034 82 588 49', 'bproudlerb@state.gov','12');
insert into chauffeur (nom_complet, contact_chauffeur, mail_chauffeur, id_vehicule) values ('Clem Betonia', '034 34 096 01', 'cbetoniac@gnu.org','13');
insert into chauffeur (nom_complet, contact_chauffeur, mail_chauffeur, id_vehicule) values ('Marjie Nornasell', '034 22 669 84', 'mnornaselld@artisteer.com','14');
insert into chauffeur (nom_complet, contact_chauffeur, mail_chauffeur, id_vehicule) values ('Darline De la croix', '034 33 568 06', 'ddee@t-online.de','15');
insert into chauffeur (nom_complet, contact_chauffeur, mail_chauffeur, id_vehicule) values ('Nell Balling', '034 28 896 77', 'nballingf@squarespace.com','16');
insert into chauffeur (nom_complet, contact_chauffeur, mail_chauffeur, id_vehicule) values ('Josephine Pulbrook', '034 44 115 14', 'jpulbrookg@histats.com','17');
insert into chauffeur (nom_complet, contact_chauffeur, mail_chauffeur, id_vehicule) values ('Jodee Moens', '034 53 891 50', 'jmoensh@alibaba.com','18');
insert into chauffeur (nom_complet, contact_chauffeur, mail_chauffeur, id_vehicule) values ('Oralie Mulvy', '034 30 387 43', 'omulvyi@msn.com','19');
insert into chauffeur (nom_complet, contact_chauffeur, mail_chauffeur, id_vehicule) values ('Lucilia Collinge', '034 88 007 28', 'lcollingej@issuu.com','20');
insert into chauffeur (nom_complet, contact_chauffeur, mail_chauffeur, id_vehicule) values ('Ofelia Heninghem', '034 94 672 10', 'oheninghemk@goodreads.com','21');
insert into chauffeur (nom_complet, contact_chauffeur, mail_chauffeur, id_vehicule) values ('Lionel Heel', '034 00 389 06', 'lheell@boston.com','22');
insert into chauffeur (nom_complet, contact_chauffeur, mail_chauffeur, id_vehicule) values ('Nigel Corkhill', '034 29 895 24', 'ncorkhillm@skype.com','23');
insert into chauffeur (nom_complet, contact_chauffeur, mail_chauffeur, id_vehicule) values ('Carlynne Wiffield', '034 45 755 24', 'cwiffieldn@weibo.com','24');
insert into chauffeur (nom_complet, contact_chauffeur, mail_chauffeur, id_vehicule) values ('Cassie Splevins', '034 60 282 44', 'csplevinso@blinklist.com','25');
insert into chauffeur (nom_complet, contact_chauffeur, mail_chauffeur, id_vehicule) values ('Cyndie Balbeck', '034 72 581 44', 'cbalbeckp@miitbeian.gov.cn','26');
insert into chauffeur (nom_complet, contact_chauffeur, mail_chauffeur, id_vehicule) values ('Evvie McEnhill', '034 69 955 36', 'emcenhillq@is.gd','27');
insert into chauffeur (nom_complet, contact_chauffeur, mail_chauffeur, id_vehicule) values ('Aluino Dursley', '034 26 729 93', 'adursleyr@eventbrite.com','28');
insert into chauffeur (nom_complet, contact_chauffeur, mail_chauffeur, id_vehicule) values ('Hamilton Caccavari', '034 70 863 63', 'hcaccavaris@reference.com','29');
insert into chauffeur (nom_complet, contact_chauffeur, mail_chauffeur, id_vehicule) values ('Jeffy Devenish', '034 93 367 25', 'jdevenisht@bandcamp.com','30');
insert into chauffeur (nom_complet, contact_chauffeur, mail_chauffeur, id_vehicule) values ('Ric Trees', '034 22 747 80', 'rtreesu@amazon.de','31');
insert into chauffeur (nom_complet, contact_chauffeur, mail_chauffeur, id_vehicule) values ('Roana Killshaw', '034 61 134 30', 'rkillshawv@statcounter.com','32');
insert into chauffeur (nom_complet, contact_chauffeur, mail_chauffeur, id_vehicule) values ('Giacopo Forber', '034 49 221 31', 'gforberw@xinhuanet.com','33');
insert into chauffeur (nom_complet, contact_chauffeur, mail_chauffeur, id_vehicule) values ('Clarine Veal', '034 06 473 34', 'cvealx@jigsy.com','34');
insert into chauffeur (nom_complet, contact_chauffeur, mail_chauffeur, id_vehicule) values ('Issie O''Duane', '034 46 463 69', 'ioduaney@examiner.com','35');
insert into chauffeur (nom_complet, contact_chauffeur, mail_chauffeur, id_vehicule) values ('Dareen Shave', '034 39 530 67', 'dshavez@spiegel.de','36');
insert into chauffeur (nom_complet, contact_chauffeur, mail_chauffeur, id_vehicule) values ('Reena Hiom', '034 57 008 80', 'rhiom10@youku.com','37');
insert into chauffeur (nom_complet, contact_chauffeur, mail_chauffeur, id_vehicule) values ('Phillis Kewzick', '034 59 540 33', 'pkewzick11@google.com','38');
insert into chauffeur (nom_complet, contact_chauffeur, mail_chauffeur, id_vehicule) values ('Steward Eltone', '034 18 938 91', 'seltone12@bloglines.com','39');
insert into chauffeur (nom_complet, contact_chauffeur, mail_chauffeur, id_vehicule) values ('Suzanne Dodswell', '034 31 881 13', 'sdodswell13@artisteer.com','40');
insert into chauffeur (nom_complet, contact_chauffeur, mail_chauffeur, id_vehicule) values ('Krystle Gullam', '034 27 473 76', 'kgullam14@ucla.edu','41');
insert into chauffeur (nom_complet, contact_chauffeur, mail_chauffeur, id_vehicule) values ('Mariam Pryde', '034 16 245 52', 'mpryde15@tamu.edu','42');
insert into chauffeur (nom_complet, contact_chauffeur, mail_chauffeur, id_vehicule) values ('Jae Menat', '034 03 657 70', 'jmenat16@weather.com','43');
insert into chauffeur (nom_complet, contact_chauffeur, mail_chauffeur, id_vehicule) values ('Isis Pinkney', '034 25 503 25', 'ipinkney17@squidoo.com','44');
insert into chauffeur (nom_complet, contact_chauffeur, mail_chauffeur, id_vehicule) values ('Mari Makin', '034 93 321 14', 'mmakin18@symantec.com','45');
insert into chauffeur (nom_complet, contact_chauffeur, mail_chauffeur, id_vehicule) values ('Ajay Dubbin', '034 83 154 65', 'adubbin19@cargocollective.com','46');
insert into chauffeur (nom_complet, contact_chauffeur, mail_chauffeur, id_vehicule) values ('Rosemaria Van Der Walt', '034 35 616 30', 'rvan1a@rediff.com','47');
insert into chauffeur (nom_complet, contact_chauffeur, mail_chauffeur, id_vehicule) values ('Kassey Tomlins', '034 42 376 31', 'ktomlins1b@wiley.com','48');
insert into chauffeur (nom_complet, contact_chauffeur, mail_chauffeur, id_vehicule) values ('Sheilah Purdy', '034 58 827 24', 'spurdy1c@merriam-webster.com','49');
insert into chauffeur (nom_complet, contact_chauffeur, mail_chauffeur, id_vehicule) values ('Wyatan Manuely', '034 18 447 25', 'wmanuely1d@squidoo.com','50');

-- voyage
insert into voyage (jour_depart, heure_depart, id_ville_depart, id_ville_arrivee) values ('2022/06/05', '09:00', '1', '2');
insert into voyage (jour_depart, heure_depart, id_ville_depart, id_ville_arrivee) values ('2022/06/05', '11:00', '2', '10');
insert into voyage (jour_depart, heure_depart, id_ville_depart, id_ville_arrivee) values ('2022/06/05', '13:00', '1', '3');
insert into voyage (jour_depart, heure_depart, id_ville_depart, id_ville_arrivee) values ('2022/06/05', '15:00', '5', '4');
insert into voyage (jour_depart, heure_depart, id_ville_depart, id_ville_arrivee) values ('2022/06/05', '19:00', '1', '5');
insert into voyage (jour_depart, heure_depart, id_ville_depart, id_ville_arrivee) values ('2022/06/05', '21:00', '1', '6');
insert into voyage (jour_depart, heure_depart, id_ville_depart, id_ville_arrivee) values ('2022/06/05', '23:00', '1', '7');
insert into voyage (jour_depart, heure_depart, id_ville_depart, id_ville_arrivee) values ('2022/06/06', '09:00', '10', '8');
insert into voyage (jour_depart, heure_depart, id_ville_depart, id_ville_arrivee) values ('2022/06/06', '11:00', '1', '9');
insert into voyage (jour_depart, heure_depart, id_ville_depart, id_ville_arrivee) values ('2022/06/06', '13:00', '2', '1');
insert into voyage (jour_depart, heure_depart, id_ville_depart, id_ville_arrivee) values ('2022/06/06', '15:00', '5', '10');
insert into voyage (jour_depart, heure_depart, id_ville_depart, id_ville_arrivee) values ('2022/06/06', '19:00', '7', '3');
insert into voyage (jour_depart, heure_depart, id_ville_depart, id_ville_arrivee) values ('2022/06/06', '21:00', '3', '4');
insert into voyage (jour_depart, heure_depart, id_ville_depart, id_ville_arrivee) values ('2022/06/06', '23:00', '2', '5');
insert into voyage (jour_depart, heure_depart, id_ville_depart, id_ville_arrivee) values ('2022/06/07', '09:00', '1', '6');
insert into voyage (jour_depart, heure_depart, id_ville_depart, id_ville_arrivee) values ('2022/06/07', '11:00', '2', '7');
insert into voyage (jour_depart, heure_depart, id_ville_depart, id_ville_arrivee) values ('2022/06/07', '13:00', '9', '8');
insert into voyage (jour_depart, heure_depart, id_ville_depart, id_ville_arrivee) values ('2022/06/07', '15:00', '2', '9');
insert into voyage (jour_depart, heure_depart, id_ville_depart, id_ville_arrivee) values ('2022/06/07', '19:00', '3', '10');
insert into voyage (jour_depart, heure_depart, id_ville_depart, id_ville_arrivee) values ('2022/06/07', '21:00', '10', '2');
insert into voyage (jour_depart, heure_depart, id_ville_depart, id_ville_arrivee) values ('2022/06/07', '23:00', '3', '1');
insert into voyage (jour_depart, heure_depart, id_ville_depart, id_ville_arrivee) values ('2022/06/08', '09:00', '4', '2');
insert into voyage (jour_depart, heure_depart, id_ville_depart, id_ville_arrivee) values ('2022/06/08', '11:00', '9', '3');
insert into voyage (jour_depart, heure_depart, id_ville_depart, id_ville_arrivee) values ('2022/06/08', '13:00', '5', '4');
insert into voyage (jour_depart, heure_depart, id_ville_depart, id_ville_arrivee) values ('2022/06/08', '15:00', '8', '5');
insert into voyage (jour_depart, heure_depart, id_ville_depart, id_ville_arrivee) values ('2022/06/08', '19:00', '3', '6');
insert into voyage (jour_depart, heure_depart, id_ville_depart, id_ville_arrivee) values ('2022/06/08', '21:00', '3', '7');
insert into voyage (jour_depart, heure_depart, id_ville_depart, id_ville_arrivee) values ('2022/06/08', '23:00', '3', '8');
insert into voyage (jour_depart, heure_depart, id_ville_depart, id_ville_arrivee) values ('2022/06/09', '09:00', '10', '9');
insert into voyage (jour_depart, heure_depart, id_ville_depart, id_ville_arrivee) values ('2022/06/09', '11:00', '7', '10');
insert into voyage (jour_depart, heure_depart, id_ville_depart, id_ville_arrivee) values ('2022/06/09', '13:00', '5', '1');
insert into voyage (jour_depart, heure_depart, id_ville_depart, id_ville_arrivee) values ('2022/06/09', '15:00', '10', '2');
insert into voyage (jour_depart, heure_depart, id_ville_depart, id_ville_arrivee) values ('2022/06/09', '19:00', '8', '3');
insert into voyage (jour_depart, heure_depart, id_ville_depart, id_ville_arrivee) values ('2022/06/09', '21:00', '9', '4');
insert into voyage (jour_depart, heure_depart, id_ville_depart, id_ville_arrivee) values ('2022/06/09', '23:00', '2', '4');

-- requerir
insert into requerir (id_maintenance, id_vehicule) values ('1', '10');
insert into requerir (id_maintenance, id_vehicule) values ('2', '20');
insert into requerir (id_maintenance, id_vehicule) values ('1', '17');
insert into requerir (id_maintenance, id_vehicule) values ('2', '2');
insert into requerir (id_maintenance, id_vehicule) values ('1', '50');
insert into requerir (id_maintenance, id_vehicule) values ('2', '42');
insert into requerir (id_maintenance, id_vehicule) values ('1', '11');
insert into requerir (id_maintenance, id_vehicule) values ('2', '4');
insert into requerir (id_maintenance, id_vehicule) values ('1', '23');
insert into requerir (id_maintenance, id_vehicule) values ('2', '37');

--utiliser
insert into utiliser (id_vehicule, id_voyage) values ('1', '1');
insert into utiliser (id_vehicule, id_voyage) values ('2', '2');
insert into utiliser (id_vehicule, id_voyage) values ('3', '3');
insert into utiliser (id_vehicule, id_voyage) values ('5', '4');
insert into utiliser (id_vehicule, id_voyage) values ('4', '5');
insert into utiliser (id_vehicule, id_voyage) values ('6', '6');
insert into utiliser (id_vehicule, id_voyage) values ('7', '7');
insert into utiliser (id_vehicule, id_voyage) values ('10', '8');
insert into utiliser (id_vehicule, id_voyage) values ('9', '9');
insert into utiliser (id_vehicule, id_voyage) values ('8', '10');
insert into utiliser (id_vehicule, id_voyage) values ('11', '11');
insert into utiliser (id_vehicule, id_voyage) values ('17', '12');
insert into utiliser (id_vehicule, id_voyage) values ('13', '13');
insert into utiliser (id_vehicule, id_voyage) values ('12', '14');
insert into utiliser (id_vehicule, id_voyage) values ('14', '15');
insert into utiliser (id_vehicule, id_voyage) values ('15', '16');
insert into utiliser (id_vehicule, id_voyage) values ('16', '17');
insert into utiliser (id_vehicule, id_voyage) values ('18', '18');
insert into utiliser (id_vehicule, id_voyage) values ('19', '19');
insert into utiliser (id_vehicule, id_voyage) values ('20', '20');
insert into utiliser (id_vehicule, id_voyage) values ('23', '21');
insert into utiliser (id_vehicule, id_voyage) values ('24', '22');
insert into utiliser (id_vehicule, id_voyage) values ('29', '23');
insert into utiliser (id_vehicule, id_voyage) values ('25', '24');
insert into utiliser (id_vehicule, id_voyage) values ('28', '25');
insert into utiliser (id_vehicule, id_voyage) values ('21', '26');
insert into utiliser (id_vehicule, id_voyage) values ('22', '27');
insert into utiliser (id_vehicule, id_voyage) values ('26', '28');
insert into utiliser (id_vehicule, id_voyage) values ('30', '29');
insert into utiliser (id_vehicule, id_voyage) values ('27', '30');
insert into utiliser (id_vehicule, id_voyage) values ('35', '31');
insert into utiliser (id_vehicule, id_voyage) values ('40', '32');
insert into utiliser (id_vehicule, id_voyage) values ('38', '33');
insert into utiliser (id_vehicule, id_voyage) values ('39', '34');
insert into utiliser (id_vehicule, id_voyage) values ('32', '35');

-- passer_par
insert into passer_par (id_ville, id_voyage) values ('3', '1');
insert into passer_par (id_ville, id_voyage) values ('6', '7');
insert into passer_par (id_ville, id_voyage) values ('1', '11');
insert into passer_par (id_ville, id_voyage) values ('10', '15');
insert into passer_par (id_ville, id_voyage) values ('1', '20');
insert into passer_par (id_ville, id_voyage) values ('7', '2');
insert into passer_par (id_ville, id_voyage) values ('9', '15');
insert into passer_par (id_ville, id_voyage) values ('2', '34');
insert into passer_par (id_ville, id_voyage) values ('6', '23');
insert into passer_par (id_ville, id_voyage) values ('4', '17');

-- reserver
insert into reserver (id_client, id_offre, id_voyage, place, montant_paye) values (1, 1, 31, 7, 10000);
insert into reserver (id_client, id_offre, id_voyage, place, montant_paye) values (2, 2, 18, 10, 20000);
insert into reserver (id_client, id_offre, id_voyage, place, montant_paye) values (3, 1, 3, 9, 10000);
insert into reserver (id_client, id_offre, id_voyage, place, montant_paye) values (4, 3, 16, 2, 30000);
insert into reserver (id_client, id_offre, id_voyage, place, montant_paye) values (5, 3, 8, 7, 30000);
insert into reserver (id_client, id_offre, id_voyage, place, montant_paye) values (6, 2, 20, 5, 20000);
insert into reserver (id_client, id_offre, id_voyage, place, montant_paye) values (7, 3, 35, 4, 30000);
insert into reserver (id_client, id_offre, id_voyage, place, montant_paye) values (8, 1, 4, 1, 10000);
insert into reserver (id_client, id_offre, id_voyage, place, montant_paye) values (9, 1, 27, 1, 10000);
insert into reserver (id_client, id_offre, id_voyage, place, montant_paye) values (10, 2, 21, 1, 2000);
insert into reserver (id_client, id_offre, id_voyage, place, montant_paye) values (11, 2, 1, 10, 20000);
insert into reserver (id_client, id_offre, id_voyage, place, montant_paye) values (12, 1, 20, 5, 10000);
insert into reserver (id_client, id_offre, id_voyage, place, montant_paye) values (13, 3, 16, 1, 30000);
insert into reserver (id_client, id_offre, id_voyage, place, montant_paye) values (14, 1, 30, 3, 10000);
insert into reserver (id_client, id_offre, id_voyage, place, montant_paye) values (15, 1, 28, 10, 10000);
insert into reserver (id_client, id_offre, id_voyage, place, montant_paye) values (16, 1, 15, 1, 10000);
insert into reserver (id_client, id_offre, id_voyage, place, montant_paye) values (17, 3, 25, 6, 30000);
insert into reserver (id_client, id_offre, id_voyage, place, montant_paye) values (18, 1, 18, 10, 10000);
insert into reserver (id_client, id_offre, id_voyage, place, montant_paye) values (19, 1, 23, 5, 10000);
insert into reserver (id_client, id_offre, id_voyage, place, montant_paye) values (20, 1, 2, 3, 1000);
insert into reserver (id_client, id_offre, id_voyage, place, montant_paye) values (21, 3, 12, 9, 30000);
insert into reserver (id_client, id_offre, id_voyage, place, montant_paye) values (22, 3, 31, 4, 30000);
insert into reserver (id_client, id_offre, id_voyage, place, montant_paye) values (23, 1, 10, 4, 10000);
insert into reserver (id_client, id_offre, id_voyage, place, montant_paye) values (24, 2, 25, 7, 20000);
insert into reserver (id_client, id_offre, id_voyage, place, montant_paye) values (25, 3, 23, 9, 30000);
insert into reserver (id_client, id_offre, id_voyage, place, montant_paye) values (26, 2, 28, 3, 20000);
insert into reserver (id_client, id_offre, id_voyage, place, montant_paye) values (27, 1, 3, 1, 10000);
insert into reserver (id_client, id_offre, id_voyage, place, montant_paye) values (28, 1, 31, 8, 10000);
insert into reserver (id_client, id_offre, id_voyage, place, montant_paye) values (29, 1, 35, 8, 10000);
insert into reserver (id_client, id_offre, id_voyage, place, montant_paye) values (30, 1, 32, 8, 1000);
insert into reserver (id_client, id_offre, id_voyage, place, montant_paye) values (31, 2, 32, 8, 20000);
insert into reserver (id_client, id_offre, id_voyage, place, montant_paye) values (32, 2, 2, 1, 20000);
insert into reserver (id_client, id_offre, id_voyage, place, montant_paye) values (33, 3, 6, 5, 30000);
insert into reserver (id_client, id_offre, id_voyage, place, montant_paye) values (34, 3, 14, 4, 30000);
insert into reserver (id_client, id_offre, id_voyage, place, montant_paye) values (35, 1, 35, 1, 10000);
insert into reserver (id_client, id_offre, id_voyage, place, montant_paye) values (36, 2, 26, 10, 20000);
insert into reserver (id_client, id_offre, id_voyage, place, montant_paye) values (37, 3, 15, 10, 30000);
insert into reserver (id_client, id_offre, id_voyage, place, montant_paye) values (38, 2, 32, 8, 20000);
insert into reserver (id_client, id_offre, id_voyage, place, montant_paye) values (39, 1, 31, 5, 10000);
insert into reserver (id_client, id_offre, id_voyage, place, montant_paye) values (40, 3, 21, 8, 30000);
insert into reserver (id_client, id_offre, id_voyage, place, montant_paye) values (41, 3, 4, 1, 30000);
insert into reserver (id_client, id_offre, id_voyage, place, montant_paye) values (42, 1, 23, 8, 10000);
insert into reserver (id_client, id_offre, id_voyage, place, montant_paye) values (43, 3, 4, 9, 3000);
insert into reserver (id_client, id_offre, id_voyage, place, montant_paye) values (44, 3, 22, 10, 30000);
insert into reserver (id_client, id_offre, id_voyage, place, montant_paye) values (45, 3, 2, 5, 30000);
insert into reserver (id_client, id_offre, id_voyage, place, montant_paye) values (46, 3, 8, 4, 30000);
insert into reserver (id_client, id_offre, id_voyage, place, montant_paye) values (47, 1, 30, 1, 10000);
insert into reserver (id_client, id_offre, id_voyage, place, montant_paye) values (48, 1, 35, 2, 10000);
insert into reserver (id_client, id_offre, id_voyage, place, montant_paye) values (49, 1, 31, 1, 1000);
insert into reserver (id_client, id_offre, id_voyage, place, montant_paye) values (50, 3, 20, 5, 30000);
